date,claude_commits,total_commits
2026-01-01,117075,3739761
2026-01-02,137043,4287232
2026-01-03,137308,4297341
2026-01-04,144498,4303140
2026-01-05,146586,4589616
2026-01-06,143589,4740181
2026-01-07,149372,4705888
2026-01-08,124072,4729967
2026-01-09,113895,4733257
2026-01-10,107013,4387766
2026-01-11,105742,4306638
2026-01-12,109168,4758163
2026-01-13,112222,5298344
2026-01-14,107812,5690253
2026-01-15,111920,4851110
2026-01-16,118540,4853702
2026-01-17,106478,4662800
2026-01-18,114471,4752238
2026-01-19,123235,5231823
2026-01-20,123245,6031422
2026-01-21,119434,5004662
2026-01-22,119550,4982364
2026-01-23,126227,4948054
2026-01-24,129437,4692498
2026-01-25,135650,4710776
2026-01-26,138410,5005353
2026-01-27,135276,5192168
2026-01-28,135824,5181985
2026-01-29,140209,5074043
2026-01-30,137708,4762304
2026-01-31,128070,4637883
2026-02-01,141778,4672846
2026-02-02,149124,4750018
2026-02-03,148389,5069751
2026-02-04,149897,5015645
2026-02-05,155041,4870026
2026-02-06,161905,4825664
2026-02-07,152629,4567440
2026-02-08,167180,4797233
2026-02-09,162766,5767626
2026-02-10,172423,4967940
2026-02-11,172192,4950747
2026-02-12,172125,4842087
2026-02-13,164643,4810124
2026-02-14,154745,6422798
